"worm_name","A","B","C","D","E","F"
"N2_f1",0.337349397590361,0.313253012048193,0.216867469879518,0.0963855421686747,0.036144578313253,0
"N2_nf4",0.27710843373494,0.265060240963855,0.192771084337349,0.120481927710843,0.108433734939759,0.036144578313253
"N2_nf5",0.253012048192771,0.216867469879518,0.0843373493975904,0.27710843373494,0.0843373493975904,0.0843373493975904
"tph1_f6",0.240963855421687,0.253012048192771,0.385542168674699,0.036144578313253,0.072289156626506,0.0120481927710843
