"worm_name","A","B","C","D","E"
"N2_f1",0.327338129496403,0.377697841726619,0.255395683453237,0.039568345323741,0
"N2_nf4",0.298561151079137,0.251798561151079,0.237410071942446,0.133093525179856,0.079136690647482
"N2_nf5",0.258992805755396,0.190647482014388,0.309352517985612,0.111510791366906,0.129496402877698
"tph1_f6",0.503597122302158,0.356115107913669,0.107913669064748,0.0323741007194245,0
