"worm_name","A","B","C","D"
"N2_f1",0.44578313253012,0.337349397590361,0.132530120481928,0.0843373493975904
"N2_nf4",0.349397590361446,0.265060240963855,0.240963855421687,0.144578313253012
"N2_nf5",0.313253012048193,0.216867469879518,0.132530120481928,0.337349397590361
"tph1_f6",0.27710843373494,0.301204819277108,0.373493975903614,0.0481927710843374
